industry,NoDur,Durbl,Manuf,Enrgy,HiTec,Telcm,Shops,Hlth,Utils,Other
NoDur,0.02317501,0.02631174,0.02277318,0.02077179,0.01680876,0.01851946,0.017391,0.0174683,0.02004772,0.02212886
Durbl,0.02631174,0.15414682,0.046518,0.0370645,0.05531049,0.03268901,0.04436625,0.02881334,0.02713374,0.04705684
Manuf,0.02277318,0.046518,0.03924043,0.03336942,0.03147447,0.02494388,0.02737222,0.02294308,0.02359774,0.03639262
Enrgy,0.02077179,0.0370645,0.03336942,0.09002716,0.0190831,0.02616071,0.01834184,0.01884071,0.02569316,0.03666595
HiTec,0.01680876,0.05531049,0.03147447,0.0190831,0.04752562,0.02052913,0.03287385,0.02300756,0.01664928,0.03138117
Telcm,0.01851946,0.03268901,0.02494388,0.02616071,0.02052913,0.03132291,0.02037517,0.0186784,0.01984216,0.02713913
Shops,0.017391,0.04436625,0.02737222,0.01834184,0.03287385,0.02037517,0.03366491,0.02041307,0.01612646,0.02822118
Hlth,0.0174683,0.02881334,0.02294308,0.01884071,0.02300756,0.0186784,0.02041307,0.03049773,0.01760221,0.02363944
Utils,0.02004772,0.02713374,0.02359774,0.02569316,0.01664928,0.01984216,0.01612646,0.01760221,0.03509916,0.02337877
Other,0.02212886,0.04705684,0.03639262,0.03666595,0.03138117,0.02713913,0.02822118,0.02363944,0.02337877,0.0410721
